1,name,tel,address,email,website,intro
2,Palace Saigon Hotel,08 38292860 - 38279342,"56-66 Nguyễn Huệ, Quận 1, TP Hồ Chí Minh",reservation@palacesaigon.com; sales@palacesaigon.com,hotel84.com/tp-ho-chi-minh/khach-san-palace-saigon.html,"Khách sạn Palace Saigon tọa lạc  tại đại lộ Nguyễn Huệ, một khu vực  trung tâm hành chính-thương mại-du lịch-giải trí quan trọng nhất của thành phố Hồ Chí Minh. Với vị thế thuận lợi này, khách lưu trú sẽ có những cơ hội tuyệt vời nhất để trải nghiệm những nét đặc trưng và thú vị  trong nhịp sống sinh họat của người dân Sài Gòn. Những địa danh hấp dẫn khách du lịch ưa thích tham quan đều nằm trong phạm vi lân cận khách sạn bao gồm Nhà hát Thành Phố, Ủy ban nhân dân Thành Phố, Nhà thờ Đức Bà, Dinh thống nhất, chợ Bến Thành và chỉ cách sân bay quốc tế Tân Sơn Nhất khỏang 8 km đường bộ. "
3,Grand Sài Gòn Hotel,08 38230163,"08 Đường Đồng Khởi, Quận 1, Hồ Chí Minh",info@grandhotel.vn,hotel84.com/tp-ho-chi-minh/khach-san-grand-sai-gon.html,"Khách sạn được xây dựng năm 1930 theo kiến trúc cổ của Pháp và được nâng cấp vào năm 1997. Khách sạn GRAND Sài Gòn là nơi thuận lợi nằm ngay trung tâm thành phố. Tiện lợi cho việc lựa chọn địa điểm giao dịch, tham quan hay lưu trú. Quí khách cũng có thể tản bộ ra sông Sài Gòn để tham quan ngắm cảnh. "
4,Mekong Hotel,  0862560059;  0862781439,"53/1 KP5, Phan Văn Hớn, Phường Tân Thới Nhất, Quận 12, Tp HCM",vukhacchuong@saigonact.edu.vn,http://mekongsaigonhotel.com,"Khách sạn Mekong tọa lạc tại trung tâm Quận 12, Thành phố Hồ Chí Minh, ngay khu dân cư đông đúc, gần chợ, gần các khu công nghiệp, ngã 3 khu thương mại giao dịch hàng hóa trọng điểm, là nơi mua sắm, giao dịch lý tưởng cho du khách. Mekong Hotel có các dịch vụ đạt tiêu chuẩn đáp ứng nhu cầu của du khách và doanh nhân trong nước và quốc tế về với quận 12. Khách sạn còn có hội trường và phòng họp với bài trí đa dạng và đặc biệt là Nhà hàng tiệc cưới với sức chứa từ vài trăm khách được trang bị đầy đủ cho nhu cầu hội họp của các doanh nghiệp tổ chức sự kiện và tổ chức tiệc cưới tại quận 12 thành phố HCM."
5,Vissai Saigon Hotel,08 39998888,"144 Nguyễn Văn Trỗi, Phú Nhuận, Hồ Chí Minh",rsvn@vissaisaigonhotel.vn; banquetsm@vissaisaigonhotel.vn; sales@vissaisaigonhotel.vn,hotel84.com/tp-ho-chi-minh/khach-san-starcity-saigon.html,"Vissai Saigon là khách sạn tiêu chuẩn 4 sao, mang đến cho khách hàng tiện nghi sang trọng cùng với những dịch vụ cao cấp. Vị trí tọa lạc lý tưởng, Khách sạn Vissai Saigon chỉ cách sân bay quốc tế Tân Sơn Nhất 5 phút đi xe, cách tòa nhà thương mại Centre Point 2 phút đi bộ Bên cạnh đó, việc di chuyển đến Trung tâm TriểnLãm và Hội Nghị Tân Bình thuận tiện với 15 phút đi bộ. Tất cả các phòng của khách sạn được thiết kế trang nhã, đường truyền tốc độ cao, các trang thiết bị và dịch vụ hoàn hảo đáp ứng nhu cầu khắc khe nhất của du khách."
6,Caravelle Hotel,08 38234999,"19-23 Công Trường Lam Sơn, Quận 1, Hồ Chí Minh",hotel@caravellehotel.com,hotel84.com/tp-ho-chi-minh/khach-san-caravelle.html,"Khách sạn Caravelle có 335 phòng được trang bị đầy đủ tiện nghi, phòng thượng hạng, sảnh dành riêng cho khách VIP và các tầng riêng dành cho khách VIP, tầng dành cho khách không hút  thuốc, phòng dành riêng cho người khuyết tật. Bên cạnh đó, khách sạn còn cung cấp các dịch vụ tiện ích khác như: điện thoại quốc tế trực tiếp, ti-vi LCD truyền hình vệ tinh, đầu đĩa CD, DVD, máy Fax, mini bar, vật dụng để pha trà và cafe, máy pha cafe & espresso và két sắt riêng tại phòng. Internet Wi-Fi miễn phí trong khách & toàn khách sạn. "
7,Nikko Saigon Hotel,08 39257777,"235 Nguyễn Văn Cừ, Quận 1, Hồ Chí Minh",reservation@hotelnikkosaigon.com.vn,hotel84.com/tp-ho-chi-minh/khach-san-nikko-saigon.html,"Tại khách sạn Nikko Saigon, chúng tôi đang hướng tới là khách sạn đáng tin cậy nhất cho khách hàng, chủ sở hữu, người lao động và cộng đồng bằng cách cung cấp các dịch vụ phù hợp và cá nhân. Đây là những gì mang lại ý nghĩa và giá trị kinh doanh của chúng tôi và cuộc sống làm việc của chúng ta."
8,Hoàng Anh Star Hotel,08 37181379; 0938309498,"31/3B Song Hành, Trung Mỹ Tây, Quận 12, Tp Hồ Chí Minh",hoanganhstarhotel@gmail.com,hotel84.com/tp-ho-chi-minh/khach-san-hoang-anh-star.html,"Được thiết kế sang trọng, hài hòa giữa truyền thống và hiện đại, khách sạn có 35 phòng ngủ gồm các loại như phòng đơn, phòng đôi, phòng Vip với mức giá phù hợp. Hơn nữa khách sạn còn cung cấp đầy đủ dịch vụ: wifi miễn phí, tủ lạnh, nước nóng, truyền hình cáp, giặt ủi, thức ăn, nước uống và đội ngũ nhân viên ân cần, niềm nở. Chúng tôi tin chắc rằng khách sạn Hoàng Anh Star sẽ là điểm dừng chân lý tưởng cho chuyến công tác hay du lịch của quý khách."
9,An Tâm 3  Hotel,08 38371565; 0962140279,"283/7 Phạm Ngũ Lão, p Phạm Ngũ Lão, quận 1, Tp Hồ Chí Minh",antam3hcm@gmail.com,hotel84.com/tp-ho-chi-minh/khach-san-an-tam.html,"Cách Chợ Bến Thành và Bến Xe buýt 5 phút đi bộ, An Tam 3 Hotel cung cấp các phòng nghỉ với truy cập Wi-Fi miễn phí. Khách sạn 4 tầng này nằm ở trung tâm khu tây ba lô của Thành phố Hồ Chí Minh. Các phòng máy lạnh tại đây được trang bị truyền hình cáp màn hình phẳng và tủ lạnh. Trong phòng tắm riêng có vòi sen và đồ vệ sinh cá nhân miễn phí. Nước đóng chai được cung cấp miễn phí hàng ngày."
10,Duy Quang 2 Hotel,08 38315026,"356 đường số 10 (Cây Trâm), Phường 9, Quận Gò Vấp, TPHCM",baoduy251287@gmail.com,hotel84.com/tp-ho-chi-minh/khach-san-duy-quang-2.html,"Khách Sạn Duy Quang 2 có tổng cộng 7 tầng, 21 phòng, bao gồm 1 phòng đôi và 20 phòng đơn,  mỗi phòng đều có tivi truyền hình cáp K+, tủ lạnh, máy điều hòa, quạt, máy nước nóng, vòi tắm hoa sen, bồn rửa mặt, giường(nệm kim đan) kích thước là 1,6m x2 m. Ngoài ra khách sạn còn có thang máy, wifi không dây miễn phí. Có chỗ để xe ô tô,..."
11,Bel Ami Hotel,08 38641128 - 38635210,"489 (Số củ 170) Lý Thường Kiệt, P.8, Tân Bình, Hồ Chí Minh",sales2@thanhbinhhotelsgroup.com; sales3@thanhbinhhotelsgroup.com,hotel84.com/tp-ho-chi-minh/khach-san-bel-ami.html,"Được xây dựng theo tiêu chuẩn 03 sao quốc tế, khách sạn BelAmi được thiết kế hài hòa và mang phong cách hiện đại; đội ngũ nhân viên nhiệt tình, giàu kinh nghiệm với cung cách phục vụ chuyên nghiệp, … Khách sạn Bel Ami chúng tôi không chỉ là điểm dừng chân lý tưởng giúp cho Quý Khách có những giây phút thư giãn thoải mái nhất trong các chuyến công tác hay chuyến du lịch mà còn là nơi gặp gỡ, giao lưu của những nhà doanh nhân với các sự kiện diễn ra hàng năm tại Thành phố Hồ Chí Minh"
12,Golf Phú Mỹ Hưng Hotel,08 54104999,"R4-17 Phan Khiêm Ích, Hưng Gia 3, PMH, P Tân Phong, Q 7, HCM",golf_pmh@yahoo.com.vn,hotel84.com/tp-ho-chi-minh/khach-san-golf-phu-my-hung.html,"Khách sạn Golf mang tới một không gian yên tĩnh và thanh bình cho quý khách, đặc biệt với các doanh nhân, khách đi công tác và đi du lịch  có yêu cầu về chất lượng phục vụ cao. Khách sạn 2 sao, đạt tiêu chuẩn phục vụ 3 sao, gồm 38 phòng, có wifi miễn phí trong phòng và các khu vực khác trong khách sạn, miễn phí trà, café, nước uống mỗi ngày. Đặc biệt tất cả các phòng đều có cửa sổ hay ban công thoáng mát."
13,Park Hyatt Hotel,08 38241234,"Số 2 Công Trường Lam Sơn, Quận 1, Tp Hồ Chí Minh",saigon.park@hyatt.com,hotel84.com/tp-ho-chi-minh/khach-san-park-hyatt.html,"Phòng và dãy phòng khách sạn Park Hyatt Sài Gòn xác định lại sang trọng đô thị , pha trộn thiết kế tinh xảo và trang trí với các tiện nghi hiện đại mới nhất là một trong những khách sạn tốt nhất Hồ Chí Minh ở Sài Gòn."
14,Majestic Hotel,08 38295517,"Số 1 Đồng Khởi, Quận 1, tp Hồ Chí Minh",majestic@majesticsaigon.com.vn,hotel84.com/tp-ho-chi-minh/khach-san-majestic.html,"Kể từ năm 1925, khách sạn Majestic Sài Gòn đã chiếm một trong những địa điểm tốt nhất ở Sài Gòn, nơi khách có thể thưởng thức cảnh quan tuyệt đẹp của sông Sài Gòn. Sự quyến rũ cửa hàng cũ của khách sạn, sự sang trọng của thiết kế thực dân Pháp cổ điển tăng cường bởi các cột và mái vòm của nó tôn vinh Golden Age của kiến ​​trúc. Sang trọng đạt được thông qua sự chú ý đến chi tiết và tiện nghi đầy đủ đảm bảo thông qua dịch vụ lịch sự. "
15,Continental Hotel,08 38299201,"132 - 134 Đồng Khởi, Quận 1, Hồ Chí Minh",continentalhotel@vnn.vn,hotel84.com/tp-ho-chi-minh/khach-san-continental.html,"Khách sạn Continental Sài Gòn nằm trên đường Đồng Khởi , một trong những con đường lâu đời nhất và trung tâm nhất ở Sài Gòn. Trong những ngày cũ , những con đường Sài Gòn đã được chỉ đơn giản là đặt tên theo số thứ tự . Bắt đầu từ ngân hàng SaigonRiver , Đồng Khởi là đường thứ sáu. Năm 1865 , người Pháp chỉ huy De La Grandière đổi tên những con đường và thứ sáu đường trở thành Catinat Street, một nơi nhộn nhịp , đặc biệt là trong kỷ nguyên thuộc địa Pháp . "" Catinat Street"" cùng một lúc được một nơi rất nhộn nhịp và đông đúc, đặc biệt là với người Pháp . Sau đó, trên đường phố từ Continental nền móng đầu tiên và sàn cho các nhà máy được xây dựng, là người đầu tiên cho Denis Frere . Tiếp theo là các nhà thuốc đầu tiên tại Sài Gòn, "" Solinere dược phẩm, "" mở cửa vào năm 1865."
16,Sunflower Hotel,08 62519666,"11B Thái Văn Lung, Bến Nghé, Quận 1, Hồ Chí Minh",sales@sunflowerhotel.vn; info@sunflowerhotel.vn,hotel84.com/tp-ho-chi-minh/khach-san-sunflower.html,"Nằm ở trung tâm thành phố Hồ Chí Minh , chỉ cần 5 phút đi xa chợ Bến Thành và chỉ mất 15 phút để Tân Sơn Nhất International Air -Port , nơi SUNFLOWER Hotel là một trong những khách sạn nổi tiếng và sang trọng , bên cạnh nhà hát , nơi thường tổ chức các sự kiện truyền thống của Việt Nam như vườn hoa Nguyễn Huệ . Nó cũng là một vị trí gần khu vực mua sắm đường Đồng Khởi , Lê Lợi , chỉ có một khoảng cách đi bộ đến sông Sài Gòn , vuông Hồ Chí Minh Trạng thái và xây dựng Ủy ban nhân dân và nhiều tòa nhà thương mại , cửa hàng cửa hàng truyền thống và các địa điểm vui chơi giải trí là tất cả xung quanh khách sạn ."
17,Elios Hotel,08 38385584 - 38385585,"Số 233 Phạm Ngũ Lão, Quận 1, Hồ Chí Minh",reservation@elioshotel.vn,hotel84.com/tp-ho-chi-minh/khach-san-elios.html,"Khách sạn Elios là khách sạn 3 sao tiêu chuẩn quốc tế mới được xây dựng và có vị trí tiện lợi nằm ở trung tâm thương mại, mua sắm và giải trí của thành phố. Khách sạn Elios nằm ngay kề khu phố Tây Balô nổi tiếng của Sài Gòn, chỉ mất 5 phút đi bộ là tới Chợ Bến Thành và 15 phút là tới sân bay. Khách sạn được thiết kế với lối kiến trúc hiện đại pha chút cổ điển, gồm 81 phòng có hướng nhìn ra công viên 23/9 – nơi thường diễn ra những hoạt động nghệ thuật giải trí lớn của thành phố."
18,Asian Ruby Luxury Hotel,08 38272838,"26 Thi Sách, Phường Bến Nghé, Quận 1, Hồ Chí Minh",info@asianrubyhotel.com,hotel84.com/tp-ho-chi-minh/khach-san-asian-ruby-luxury.html,"Asian Ruby Hotel sang trọng được biết đến như là khách sạn chuyên nghiệp và thân thiện tại TP.HCM Downtown, đặc biệt là với khách hàng Nhật Bản. Chúng tôi có 80 phòng được trang trí bởi sự kết hợp hài hòa giữa thiết kế cổ điển và hiện đại. Với thiết kế với ánh sáng làm cho Asian Ruby Hotel thanh lịch và sang trọng hơn."
19,Faifoo Boutique Hotel ,08 35104281 - 35104282 - 35104283,"97/3 Lê Quang Định, P 14, Q Bình Thạnh, Hồ Chí Minh",info@faifoohotel.com,hotel84.com/tp-ho-chi-minh/khach-san-faifoo-boutique.html,"Faifoo Boutique Hotel nằm trong một con hẻm yên tĩnh của quận Bình Thạnh, là 15 phút lái xe đến trung tâm thành phố Sài Gòn và 15 phút đến sân bay quốc tế Tân Sơn Nhất. Khách sạn nằm trong khoảng cách đi bộ đến địa phương điểm tham quan nổi tiếng như đền thờ Ông Mausolium, chợ Bà Chiểu (trong đó cung cấp trải nghiệm độc đáo trên thị trường địa phương) và Đại học Mỹ thuật Sài Gòn. Khách sạn 5 phút lái xe đến địa điểm du lịch chùa Ngọc Hoàng."
20,Hoàng Hải Long Hotel,08 38245888 - 8282888,"52B - 62 - 64 Phạm Hồng Thái, Quận 1, Hồ Chí Minh",booking@hoanghailonghotel.com; reservations@hoanghailonghotel.com,hotel84.com/tp-ho-chi-minh/khach-san-hoang-hai-long.html,"Khách sạn Hoàng Hải Long là khách sạn 3 sao đạt tiêu chuẩn quốc tế tại thành phố Hồ Chí Minh với khoảng 200 phòng được thiết kế hiện đại sang trọng. Khách sạn có vị trí trung tâm, cảnh quan xung quanh đẹp, nhân viên thân thiện."
21,Elegant Hotel,08 39258866,"122F - 122F1 Bùi Thị Xuân, Phạm Ngũ Lão, Q 1, Hồ Chí Minh",sales@eleganthotel.vn,hotel84.com/tp-ho-chi-minh/khach-san-elegant.html,"Tọa lạc tại một vị trí đắc địa ở trung tâm thành phố Hồ Chí Minh, Elegant Hotel là một khách sạn boutique mà là một từ chợ Bến Thành và Công viên Tao Đàn 5 phút đi bộ. Nó có tính năng Wi-Fi miễn phí và một trung tâm thể dục. Các phòng máy lạnh tại Elegant Hotel được thắp sáng và truyền hình an toàn, màn hình phẳng và tủ lạnh. Vòi sen nước nóng và đồ dùng trong nhà có trong phòng tắm riêng. Dịch vụ giặt là và giặt khô cũng được cung cấp. Sắp xếp chuyến đi và chuyến đi tham quan có thể được thực hiện tại bàn tour trên trang web. "
22,The Sun Hotel,08 38200909,"19 - 21 Nguyễn Hữu Cầu, Tân Định, Q 1, Hồ Chí Minh",info@thesunhotel.com.vn,hotel84.com/tp-ho-chi-minh/khach-san-the-sun.html,"Với danh lam thắng cảnh và bề dầy truyền thống lịch sử, thành phố Hồ Chí Minh – Sài Gòn được mệnh danh là “ Hòn Ngọc Viễn Đông”. Đến thành phố Hồ Chí Minh và nghỉ tại khách sạn Mặt Trời, bạn được tận hưởng không gian ấm cùng, sạch đẹp và thư giãn. Dù bạn đi du lịch hay công tác, khách sạn Mặt trời luôn mang lại dịch vụ tốt và thoải mái nhất. Đăng ký tiêu chuẩn 2 sao nhưng khách sạn Mặt Trời cam kết phục vụ quý khách “ Chất lượng 3 sao – Mức giá 2 sao”."
23,Time Door Hotel,08 35210140,"278 Lê Thánh Tôn, P.Bến Thành, Q.1, TP. Hồ Chí Minh",timedoorhotel278@yahoo.com.vn,hotel84.com/tp-ho-chi-minh/khach-san-time-door.html,"Timedoor Hotel có 17 phòng được chia làm 4 level nhằm đáp ứng mọi yêu cầu của bạn là : Standard, Suite, Deluxe và Family. Tất cả đều được thiết kế nhã nhặn và tỉ mỉ nhằm mang đến cho bạn một không gian sống hoàn hảo với những trang thiết bị hiện đại, đầy đủ những dịch vụ cá nhân và thái độ phục vụ thân thiện của đội ngũ nhân viên."
24,Mai Anh Hotel,08 38341059 - 8341060,"324 Nguyễn Thị Minh Khai, Phường 5, Quận 3, Hồ Chí Minh",maianhhotel@yahoo.com.vn,hotel84.com/tp-ho-chi-minh/khach-san-mai-anh.html,"Khách sạn Mai Anh Hồ Chí Minh là khách sạn tiêu chuẩn 2 sao tọa lạc ngay tại trung tâm thành phố Hồ Chí Minh. Khách sạn có vị trí thuận tiện, chất lượng phục vụ hoàn hảo cùng đội ngũ nhân viên thân thiện là địa điểm lý tưởng cho khách nghỉ ngơi, công tác cũng như tham quan du lịch."
25,Camly Hotel,08 39931587,"656 Cách Mạng Tháng 8, P 11, Quận 3, Hồ Chí Minh",info@camlyhotel.com,hotel84.com/tp-ho-chi-minh/camly-apartment-hotel.html,"Một Căn hộ dịch vụ boutique và lãng mạn nằm trên đường Cách Mạng Tháng 8 quận 3 mang tên Camly Hotel. Nó được thiết kế độc đáo theo phong cách miền nam châu Âu, kết hợp với nội thất thanh lịch làm cho căn hộ thêm ấm cúng và thoải mái. Từ căn hộ chỉ mất khoảng 5-10 phút để được ở trung tâm thành phố và 10 phút đến sân bay. Căn hộ bao quanh với không gian xanh đối diện công viên, bầu không khí sạch sẽ với mái nhà đẹp nhìn xuống công viên mà chắc chắn tốt cho sức khỏe của bạn. Đây là một căn hộ đáng tin cậy, một lựa chọn tốt cho người nước ngoài lưu trú ngắn hạn và dài hạn."
26,Thiên Hương Hotel,08 38438785 - 38436087,"5B-5C Trần Nhật Duật , P Tân Định, Quận 1, TP Hồ Chí Minh",thienhuongtnd@gmail.com; thienhuongkhachsan@gmail.com,hotel84.com/tp-ho-chi-minh/khach-san-thien-huong.html,"Khách sạn Thiên Hương tiêu chuẩn 2 sao đã đưa vào họat động từ năm 1994 và qua mỗi năm chúng tôi lại đầu tư phát triển cơ sở vật chất nhằm mang đến những tiện nghi tiêu chuẩn 2 sao đến với khách đến nghỉ ngơi và thư giãn. Có vị trị gần Chợ Tân Định nổi tiếng và cách sân bay Tân Sơn Nhất chỉ 3km, khách sạn Thiên Hương mang lại sự thuận tiện trong việc đi lại đến quý khách trong nội thành Quận 1. Hơn thế nữa, bạn có thể dễ dàng tham quan các điểm du lịch tại thành phố Hồ Chí Minh cũng như các trung tâm mua sắm trên con đường thời trang cao cấp Hai Bà Trưng."
27,Hoàng Long Sơn 2 Hotel,08 37407487,"14-16-18 Đường số 7, P An Phú, Quận 2, Tp Hồ Chí Minh",contact.hls2@hlshotels.com,hotel84.com/tp-ho-chi-minh/khach-san-hoang-long-son-2.html,"Khách sạn Hoàng Long Sơn 2 là một thành viên trẻ trong hệ thống khách sạn Hoàng Long Sơn. Được hoàn thành vào cuối năm 2010, khách sạn Hoàng Long Sơn 2 được xây dựng ở một vị thế đắc địa tại khu đô thị mới tại Quận 2 nhằm tạo thuận lợi cho việc di chuyển đến những khu thương mại trọng điểm tại Quận 2 nói riêng và của thành phố Hồ Chí Minh nói chung. Tuy nhiên quý khách vẫn tận hưởng được sự yên tĩnh và thoáng mát khi ở tại khách sạn chúng tôi."
28,Tân Hoàng Mai Hotel,08 35164305,"243/2 Chu Văn An, phường 12, Q Bình Thạnh, Tp Hồ Chí Minh",contact.thm@hlshotels.com,hotel84.com/tp-ho-chi-minh/khach-san-tan-hoang-mai.html,"Khách sạn Tân Hoàng Mai có hơn 50 phòng. Khách sạn được xây dựng trên địa điểm thuận tiện trong thành phố, ở giữa một trong những thành phố thú vị nhất và sống động trong khu vực Đông Nam Á. Khách sạn đạt tiêu chuẩn 2 sao đã được đưa ra bởi Tổng cục Du lịch Việt Nam."
29,Xuân Huê Hotel,08 838447879,"71/2/3 Nguyễn Bặc, P 3, Q Tân bình, Tp Hồ Chí Minh",nguyenthitohai1962@yahoo.com,hotel84.com/tp-ho-chi-minh/khach-san-xuan-hue.html,"Đặc trưng với các phòng có Wi-Fi miễn phí, khách sạn Xuân Huê vị trí thuận lợi cạnh Chợ Phạm Văn Hai. Khách được hưởng đặc quyền đậu xe miễn phí. Khách sạn có lễ tân 24 giờ."
30,Hoàn Vũ 2 Hotel,08 35172944,"28M Khu dân cư miếu nổi, Phường 3, Q Bình Thạnh, Hồ Chí Minh",info@hoanvuhotel.com,hotel84.com/tp-ho-chi-minh/khach-san-hoan-vu-2.html,"Khi đến thăm Thành phố Hồ Chí Minh, bạn sẽ cảm thấy như đang ở nhà tại Hoan Vu 2 Hotel, nơi có chất lượng tuyệt vời và dịch vụ chu đáo. Với vị trí cách trung tâm thành phố 3.0 Km và cách sân bay 15. Km, khách sạn 1 sao này thu hút được rất nhiều du khách mỗi năm. Và cũng có thể dễ dàng đến Đền thờ Trần Hưng Đạo, Đền thờ Lê Văn Duyệt, Chùa Ngọc Hoàng đế."
31,Hoàn vũ 1 Hotel,08 35170325,"21M - 22M Khu dân cư miếu nổi, P 3, Bình Thạnh, Hồ Chí minh",info@hoanvuhotel.com,hotel84.com/tp-ho-chi-minh/khach-san-hoan-vu-1.html,"Hiện nay, trong lỉnh vực khách sạn với số lượng khách sạn mọc lên quá nhiều, thật khó để quý khách lựa chọn một vị trí nghỉ ngơi đúng tiêu chuẩn và đẳng cấp. Hiểu được điều đó, chúng tôi đặt tiêu chí chất lượng lên hàng đầu và lấy chữ “ TÂM” để phục vụ quý khách. "
32,Nam Phương Hoàng Hậu Hotel,08 54322288,"8/10 Đường số 7, KDC Trung Sơn, Bình Chánh, Tp Hồ Chí Minh",namphuongqueenhotel@gmail.com,hotel84.com/tp-ho-chi-minh/khach-san-nam-phuong-hoang-hau.html,"Ấn tượng khi du khách đến với Khách Sạn Nam Phương Hoàng Hậu là sự yên tĩnh và không gian xanh khu vực xung quanh khách sạn,  những công viên nhỏ với bãi cỏ xanh, những cây cao tỏa bóng mát. Du khách có thể đi dạo mát bên nhánh sông cách khách sạn khoảng 20m với hàng dương xanh mát cho bạn cảm giác như đi nghỉ tại một bờ biển ngay giữa lòng thành phố."
33,Toàn Cầu Hotel,08 38393392 - 38391187,"487/489 Điện Biên Phủ, Phường 3, Quận 3, Hồ Chí Minh",tranchauhotel@yahoo.com,hotel84.com/tp-ho-chi-minh/khach-san-toan-cau.html,"Khách sạn Toàn Cầu gồm 25 phòng đầy đủ tiện nghi: máy lạnh, tủ lạnh, máy nước nóng, điện thoại, tivi, bồn tắm, thang máy, wifi miễn phí, bãi giữ xe an toàn."
34,Trân Châu Hotel,08 38255097 - 39401270,"82 Nguyễn Tất Thành, Phường 12, Quận 4, Hồ Chí Minh",tranchauhotel@yahoo.com,hotel84.com/tp-ho-chi-minh/khach-san-tran-chau.html,"Khách sạn Trân Châu gồm 15 phòng đầy đủ tiện nghi: máy lạnh, tủ lạnh, máy nước nóng, điện thoại, tivi, bồn tắm, wifi miễn phí, bãi giữ xe an toàn."
35,Trái Táo Hotel,08 38558754 - 38556765,"29 Châu Văn Liêm, Phường 14, Quận 5, Hồ Chí Minh",tranchauhotel@yahoo.com,hotel84.com/tp-ho-chi-minh/khach-san-trai-tao.html,"Khách sạn Trái Táo gồm 25 phòng đầy đủ tiện nghi: máy lạnh, tủ lạnh, máy nước nóng, điện thoại, tivi, bồn tắm, thang máy, wifi miễn phí, bãi giữ xe an toàn."
36,Mai Hotel,08 38389410 - 38389407,"212B/23E Nguyễn Trãi, P Nguyễn Cư Trinh, Q 1, Hồ Chí Minh",tranchauhotel@yahoo.com,hotel84.com/tp-ho-chi-minh/khach-san-mai.html,"Khách sạn Mai gồm 20 phòng đầy đủ tiện nghi: máy lạnh, tủ lạnh, máy nước nóng, điện thoại, tivi, bồn tắm, wifi miễn phí, bãi giữ xe an toàn."
37,Bảo Trân 1 Hotel,08 38686161,"666/12 Đường 3/2, Phường 14, Quận 10, Hồ Chí Minh",hotelbaotran@yahoo.com,hotel84.com/tp-ho-chi-minh/khach-san-bao-tran-1.html,"Khách sạn Bảo Trân được thiết kế mang đậm phong cách kiến trúc hiện đại, năng động với 40 phòng nghỉ  đạt tiêu chuẩn Quốc tế. Tất cả các phòng đều có view không gian nhìn ra các con đường sầm uất của khu trung tâm TP.HCM, được trang bị đầy đủ các tiện nghi điều hòa, bồn tắm, két an toàn, tủ lạnh, máy sấy tóc, điện thoại đường line quốc tế, Tivi truyền hình cáp, truy cập Internet ADSL, dịch vụ WIFI, dịch vụ phòng 24h..."
38,Bảo Trân 2 Hotel,08 38686161,"491/24 Nguyễn Đình Chiểu, Phường 2, Quận 3, Hồ Chí Minh",hotelbaotran@yahoo.com,hotel84.com/tp-ho-chi-minh/khach-san-bao-tran-2.html,"Với vị trí thuận lợi, nằm ngay trung tâm của TP. Hồ Chí Minh, rất thuận tiện cho việc giao dịch với các bộ, ban, ngành; gần với các trung tâm triển lãm, khu thương mại, sân vận động, chợ, siêu thị và các thắng cảnh nổi tiếng của thành phố. Khách sạn Bảo Trân là nơi rất phù hợp để Quý khách nghỉ ngơi và làm việc."
39,Phúc Khánh Hotel,08 38224335 - 38211584,"9 Yersin, chợ Bến Thành Quận 1, Hồ Chí Minh",info@phuckhanh.vn,hotel84.com/tp-ho-chi-minh/khach-san-phuc-khanh.html,"Nằm ở trung tâm của chợ Bến Thành Quận 1, Khách sạn Phúc Khánh là một nơi lý tưởng để khám phá excitements của lõi trung tâm thành phố trong một dặm. Khách sạn có 6 tầng và 20 phòng được trang bị tất cả các tiện nghi và dịch vụ làm cho kỳ nghỉ của bạn thật đặc biệt."
40,Hòa Phát Hotel,08 62824842,"526/5 Kha Vạn Cân, P Linh Đông, Q Thủ Đức, Hồ Chí Minh",info@hoaphathotel.com,hotel84.com/tp-ho-chi-minh/khach-san-hoa-phat.html,"Khách sạn quốc tế tiêu chuẩn 3 sao với 60 phòng ngủ đầy đủ tiện nghi, thiết kế trang nhã, nội thất rộng rãi tạo nên một không khí ấm áp, thư giãn cho Quý khách."
41,Lucky Hotel,08 39257157,"134 Lê Lai, Phường Bến Thành, Quận 1, Hồ Chí Minh",reservation@lucyhotel.net,hotel84.com/tp-ho-chi-minh/khach-san-lucky-sai-gon.html,"Lucy Hotel có vị trí tuyệt vời trong thành phố Hồ Chí Minh, đối diện Công viên 23/9, 10 phút đi bộ từ chợ Bến Thành cách khoảng 7 km từ sân bay quốc tế Tân Sơn Nhất và 1,5 km từ Nhà hát lớn. Khách sạn có cửa hàng phuc vụ một số món ăn Việt Nam và phương Tây trong quán cà phê có Wi-Fi miễn phí."
42,Ngọc Hà Hotel,08 62960671,"Số 8 Đường số 2, P Bình An, Quận 2, Hồ Chí Minh",khachsan.ngocha@yahoo.com.vn,hotel84.com/tp-ho-chi-minh/khach-san-ngoc-ha.html,"Toạ lạc tại đường số 2, phường Bình An, Q2, HCM. Spa và hotel Ngọc Hà ngày càng khẳng định vị trí của mình trong bản đồ spa và hotel cao cấp của thành phố. Nằm trong không viên rộng thoáng bao gồm cà khách sạn, spa và phòng thể dục thẩm mỹ, Spa Ngọc Hà là sự kết hợp tính tế giữa các dịch vụ: nghỉ dưỡng, thư giãn, và thể dục thẩm mỹ, Hiện nay, nơi đây đã trở thành điểm đến hấp dẫn và đáng tin cậy của quý khách gần xa."
43,Saigon Youth Hotel,08 39203665,"241/32 Phạm Ngũ Lão, P Phạm Ngũ Lão, Q 1, Hồ Chí Minh",saigonyouthhostel@gmail.com,hotel84.com/tp-ho-chi-minh/khach-san-sai-gon-youth.html,"Các tính năng với phòng rất sạch sẽ và ấm cúng, máy lạnh, vòi hoa sen nóng và miễn phí Wifi. Nó thực sự phù hợp cho khách du lịch. Chúng tôi cũng có phòng phổ biến mà thích hợp cho nhóm ở lại với nhau để chơi guitar hoặc chơi trò chơi đội."
44,Khải Hoàn Hotel,08 39756420 - 3975 6421 - 39756422,"624 Lạc Long Quân, P 5, Quận 11, Hồ Chí Minh",info@khaihoanapartments.com.vn,hotel84.com/tp-ho-chi-minh/khach-san-khai-hoan.html,"Căn hộ khách sạn Khải Hoàn tọa lạc tại số 624 Lạc Long Quân thuộc quận 11, thành phố Hồ Chí Minh, ngay giữa một trong những trung tâm dịch vụ và thương mại của thành phố. Cách trung tâm thành phố Hồ Chí Minh từ 10 đến 15 phút xe, cách phi trường quốc tế Tân Sơn Nhất từ 5 đến 7 phút xe, cách trường Quốc tế Anh ngữ và Tiểu học Quốc tế 10 mét, cách khu vui chơi giải trí Đầm Sen 300 mét."
45,N&N Hotel,08 38369723 - 38385305 - 322102561,"99 Bùi Viện, Phường Phạm Ngũ Lão, Quận 1, Hồ Chí Minh",info@nn99hotel.com,hotel84.com/tp-ho-chi-minh/khach-san-n-n.html,"Chúng tôi đem đến cho quí khách một không gian nghỉ ngơi sạch sẽ, tiện nghi, tinh tế, thân thiện với giá cả hợp lí. Khách sạn N&N toạ lạc tại một trong những khu phố đông đúc trong lòng trung tâm thành phố, là biểu trưng cho một Sài Gòn hưng thịnh ngày nay cùng những dấu tích hào hùng trong quá khứ. Quí khách chỉ cần vài phút để có thể đi đến những địa điểm được xem là biểu tượng của thành phố - chợ Bến Thành, Nhà thờ Đức Bà, Dinh Thống Nhất, các bảo tàng lịch sử hay những trung tâm văn hoá nổi tiếng…"
46,Hoàng Phương Hotel,08 38236699,"229 Lê Thánh Tôn , P Bến Thành, Quận 1, Hồ Chí Minh",info@hoangphuonghotel.com,hotel84.com/tp-ho-chi-minh/khach-san-hoang-phuong.html,"Khách sạn Hoàng Phương tự hào là nơi dừng chân lý tưởng cho du khách nứơc ngoài, thuơng gia và các kiều bào với những thiết bị cao cấp đựơc nhập khẩu từ Ý và Nhật. Quý khách sẽ thật sự hài lòng với những tiện nghi của khách sạn cùng phong cách phục vụ chuyên nghịêp, thân thiện của đội ngũ nhân viên khách sạn."
47,Rạng Đông Hotel,08 38398264,"81-83 Cách Mạng Tháng Tám, Bến Thành, Quận1, Hồ Chí Minh",info@rangdonghotel.com.vn,hotel84.com/tp-ho-chi-minh/khach-san-rang-dong.html,"Khách sạn Rạng Đông có 96 phòng ngủ đạt tiêu chuẩn 3 sao, tiện nghi tốt nhất, nhân viên phục vụ chuyên nghiệp, chu đáo, trung thực. Khách sạn nằm ở trung tâm thành phố gần khu tài chính, ngân hàng, Dinh Thống Nhất, bảo tàng, khu mua sắm, ăn uống và giải trí, rất thuận tiện cho việc giao dịch, thương mại, tham quan...và chỉ mất 15 phút đi Taxi đến sân bay Tân Sơn Nhất. Lưu trú tại khách sạn Rạng Đông, quí khách còn cảm nhận được sự phục vụ tôn trọng và thân tình, đồng thời sẽ hài lòng với những dịch vụ đa dạng chất lượng tốt, giá cả hợp lý..."
48,Nhật Ánh Hotel,08 38996806 - 35142488,"236/29/17 Điện Biên Phủ, P 17, Bình Thạnh, Hồ Chí Minh",hoanhatanh@vnn.vn; sunshinehotelvn@yahoo.com,hotel84.com/tp-ho-chi-minh/khach-san-nhat-anh.html,"Khách sạn Nhật Ánh hân hạnh phục vụ mọi tầng lớp khách hàng, từ thương gia đến các khách du lịch hạng cao cấp, trung và bình dân. Khách sạn toạ lạc tại 1 địa điễm chỉ cách trung tâm TP HCM khoãng 10 phút đi xe và nằm trên đường Điện Biên Phủ, quận Bình Thạnh, giáp ranh quận 1."
49,Hồng Hạc Hotel,08 38257916,"34A Thủ Khoa Huân, P Bến Thành, Quận 1, Hồ Chí Minh",info@honghachotel.com.vn,hotel84.com/tp-ho-chi-minh/khach-san-hong-hac.html,"Khách sạn Hồng Hạc nằm ở trung tâm thành phố Hồ Chí Minh, đi bộ 10 phút đến chợ Bến Thành và Dinh Thống Nhất. Khách sạn cung cấp miễn phí Wi-Fi và có một nhà hàng. Các phòng máy lạnh được trang bị một truyền hình cáp, mini bar và một tủ lạnh. Phòng tắm riêng có vòi sen cùng với các tiện nghi khác Khách sạn có dịch vụ phòng, chuyển đổi ngoại tệ và dịch vụ lễ tân 24-giờ mỗi ngày. Có sẵn dịch vụ Fax và dịch vụ giặt ủi. Khách sạn cũng phục vụ các món ăn Việt Nam, châu Á và phương Tây."
50,Vương Quang Hotel,08 38421010 - 38461914,"146 Bùi Thị Xuân, Phường 3, Q Tân Bình, Hồ Chí Minh",info@VuongQuangHotel.com; sales@VuongQuangHotel.com,hotel84.com/tp-ho-chi-minh/khach-san-vuong-quang-sai-gon.html,"Khách sạn Vương Quang là khách sạn mới được xây dựng sau 02 năm. Trong tháng 05/ 2011 Chúng tôi có tất cả 35 phòng đạt tiêu chuẩn quốc tế 2 sao. Bao gồm 10 Executive, 10 Deluxe, 05 Superior, 10 Standard."
51,Selena Hotel,08 38381177 - 39235658,"60/3 Nguyễn Trãi, Phường 3, Quận 5, Tp Hồ Chí Minh",khachsanselena@gmail.com,hotel84.com/tp-ho-chi-minh/khach-san-selena.html,"Với phương châm “Mang đến cho bạn sự thoải mái, thân thiện!” cho quý khách khi đi công tác hay du lịch Thành phố Hồ Chí Minh, chúng tôi - tập thể lãnh đạo và nhân viên khách sạn Selena cam kết mang đến chất lượng dịch vụ tốt nhất có thể để quý khách luôn hài lòng khi đến với chúng tôi."
52,New York Thiên Phúc Hotel,08 38373004,"175/14 Phạm Ngũ Lão, P Phạm Ngũ Lão, Q 1, Hồ Chí Minh",info@newyorkthienphuchotel.com,hotel84.com/tp-ho-chi-minh/khach-san-new-york-thien-phuc.html,"Khách sạn New York Thiên Phúc nằm ngay trung tâm thương mại của TP. HCM, cách chợ Bến Thành chỉ vài phút đi bộ. Đặc biệt với vị trí sát trung tâm thành phố, khu mua sắm, vui chơi giải trí, ngân hàng rất thuận tiện cho việc giao dịch công tác của quý khách."
53,Vĩnh Chung Hotel,08 38379865,"283/26 Phạm Ngũ Lão, Quận 1, Hồ Chí Minh",tvchung283@yahoo.com.vn,hotel84.com/tp-ho-chi-minh/khach-san-vinh-chung.html,Khách sạn của chúng tôi do gia đình điều hành dành riêng để đảm bảo rằng khách hàng có được một giá cả phải chăng và kì nghỉ thú vị nghỉ tại thành phố Hồ Chí Minh.
54,Danh Nam 2 Hotel,08 62518787 - 62518585,"25/22 Cửu Long, Phường 2, Q Tân Bình, Hồ Chí Minh",danhnamhotel@yahoo.com,hotel84.com/tp-ho-chi-minh/khach-san-danh-nam-2.html,"Khách sạn Danh Nam 2 có 5 tầng với hệ thống gồm 40 phòng đạt tiêu chuẩn quốc tế 2 Sao, phục vụ bữa sáng, cung cấp sự lựa chọn đa dạng về dịch vụ phòng, kết nối internet miễn phí. Sau chuyến hành trình dài ngày, khi quý khách đến với Danh Nam có 30 phòng V.I.P hiện ra với ánh sáng dịu, gam màu ấm áp của bức tường cùng với sự kết hợp hài hòa của nghệ thuật Massage, Massage Toàn Thân, Massage Thái, Massage Nhật, Tắm massage, ngâm chân - Foot massage, Xông Nhiệt, Xông Hơi, Thuốc Bắc.v.v. "
55,Danh Nam 1 Hotel,08 62518686 - 62518787,"93 - 95 Lam Sơn, Phường 2, Q Tân Bình, Hồ Chí Minh",danhnamhotel@yahoo.com,hotel84.com/tp-ho-chi-minh/khach-san-danh-nam-1.html,"Hệ Thống gồm 2 Khách sạn với 80 phòng nghỉ, trong đó có 20 phòng massage Sauna V.I.P. Bên cạnh một hệ thống phòng sang trọng, tiện nghi đầy đủ như: Wifi, cáp internet, truyền hình cáp, K+, bồn tắm, restroom riêng cho từng phòng. Quý khách sẽ vô cùng ấn tượng với thiết kế và bố trí hài hòa nhẹ nhàng. Trong đó, Khách Sạn Danh Nam có thang máy và tầng hầm giữ các loại xe máy và xe hơi có bảo vệ 24/24. Sự phục vụ tận tâm với phương châm “Vui Lòng Khách Đến - Vừa Lòng Khách Đi”."
56,Kim 2 Hotel,08 38367495 - 38376468,"17 Đỗ Quang Đẩu, P Phạm Ngũ Lão, Quận 1, Hồ Chí Minh",saigonhotel.loan@gmail.com,hotel84.com/tp-ho-chi-minh/khach-san-kim-2.html,"Khách sạn Kim 2 kính chào quý khách. Khách sạn chúng tôi nằm ở trung tâm Quận 1, Thành phố Hồ Chí Minh, chỉ cần 30 phút đi từ sân bay, trung tâm kinh doanh và khu thương mại. Quanh khách sạn có rất nhiều hoạt động vui chơi giải trí vào ban đêm. Kim khách sạn là một lựa chọn hoàn hảo cho các doanh nhân và cho khách du lịch với nhiều nơi vui chơi giải trí trong thời gian nghỉ của bạn ở Thành phố Hồ Chí Minh."
57,Kim 1 Hotel,08 38367495 - 38376468,"40/18 Bùi Viện Phường Phạm Ngũ Lão, Quận 1, Hồ Chí Minh",saigonhotel.loan@gmail.com,hotel84.com/tp-ho-chi-minh/khach-san-kim-1.html,"Kim Hotel cung cấp một loạt các phòng tiêu chuẩn. Mỗi phòng đều được thiết kế trang nhã và trang bị cơ sở vật chất thuận tiện, mang lại cho quý khách cảm giác như ở trong căn nhà của mình."
58,Ngọc Linh Hotel,08 38375159 - 39207874,"283/21 Phạm Ngũ Lão, Quận 1, TP Hồ Chí Minh",ngoclinhhotel@yahoo.com,hotel84.com/tp-ho-chi-minh/khach-san-ngoc-linh.html,"Khách sạn Ngọc Linh là một tòa nhà hiện đại với kiến trúc đẹp, tọa lạc ở trung tâm của Sài Gòn, bạn chỉ cần vài phút đi từ trung tâm thành phố tới bất cứ nơi nào trong thành phố. Với đội ngũ nhân viên thân thiện và các phòng đều có tiện nghi cơ bản như điều hòa không khí và truyền hình cáp, Internet Wifi, tủ lạnh nhỏ và phòng tắm riêng với nước lạnh/ nóng."
59,Hồng Hòa Hotel,08 38361915,"250 Đề Thám, Quận 1, Tp Hồ Chí Minh",Đang cập nhật,hotel84.com/tp-ho-chi-minh/khach-san-hong-hoa.html,"Khách sạn Hồng Hoa nằm ở trung tâm đường Đề Thám nổi tiếng, nơi du khách có thể nắm bắt được nhịp sống sôi động thực sự của thành phố Sài Gòn. Bạn sẽ cảm thấy nhịp đập của Sài Gòn tràn đầy năng lượng và tinh thần sống động. Nó cũng thuận tiện và bao quanh bởi tất cả các cơ sở du lịch tốt nhất như: Sinh Cafe, Kim Cafe, Saigon Tourist, giúp du khách khám phá những nét đẹp của Sài Gòn."
60,An An 2 Hotel,08 38385665,"216 Đề Thám, Quận 1, Hồ Chí Minh",anan2hotel@anan.vn,hotel84.com/tp-ho-chi-minh/khach-san-an-an-2.html,"Khách sạn An An 2 nằm ở trung tâm của trung tâm Quận 01, Thành phố Hồ Chí Minh. Từ khách sạn mất 30 phút lái xe từ sân bay quốc tế Tân Sơn Nhất và tọa lạc gần sông Bạch Đằng, Chợ Bến Thành và Bảo tàng. Khách sạn có thể dễ dàng tiếp cận đến giao thông công cộng và trung tâm mua sắm và hầu hết các điểm thu hút khách du lịch."
61,An An 1 Hotel,08 38378087,"40 Bùi Viện, Quận 1, Hồ Chí Minh",ananhotel@anan.vn,hotel84.com/tp-ho-chi-minh/khach-san-an-an-1.html,"Khách sạn An An 1 nằm ở trung tâm của trung tâm Quận 01, Thành phố Hồ Chí Minh. Từ khách sạn mất 30 phút lái xe từ sân bay quốc tế Tân Sơn Nhất và tọa lạc gần sông Bạch Đằng, Chợ Bến Thành và Bảo tàng. Khách sạn có thể dễ dàng tiếp cận đến giao thông công cộng và trung tâm mua sắm và hầu hết các điểm thu hút khách du lịch."
62,,,,,,
63,,,,,,
64,,,,,,
65,,,,,,
66,,,,,,
67,,,,,,
68,,,,,,
69,,,,,,
70,,,,,,
71,,,,,,
72,,,,,,
73,,,,,,
74,,,,,,
75,,,,,,
76,,,,,,
77,,,,,,
78,,,,,,
79,,,,,,
80,,,,,,
81,,,,,,
82,,,,,,
83,,,,,,
84,,,,,,
85,,,,,,
86,,,,,,
87,,,,,,
88,,,,,,
89,,,,,,
90,,,,,,
91,,,,,,
92,,,,,,
93,,,,,,
94,,,,,,
95,,,,,,
96,,,,,,
97,,,,,,
98,,,,,,
99,,,,,,
100,,,,,,
101,,,,,,
